index_census,index_cis,pairs
A19,B21255,"A19, B21255"
A34,B9523,"A34, B9523"
A43,B6753,"A43, B6753"
A80,B17311,"A80, B17311"
A97,B12385,"A97, B12385"
A125,B11308,"A125, B11308"
A133,B8237,"A133, B8237"
A185,B16414,"A185, B16414"
A203,B404,"A203, B404"
A207,B1982,"A207, B1982"
A232,B14635,"A232, B14635"
A252,B7606,"A252, B7606"
A289,B11063,"A289, B11063"
A337,B9911,"A337, B9911"
A364,B4000,"A364, B4000"
A372,B341,"A372, B341"
A373,B14328,"A373, B14328"
A391,B18684,"A391, B18684"
A402,B17029,"A402, B17029"
A438,B8034,"A438, B8034"
A451,B20852,"A451, B20852"
A514,B21348,"A514, B21348"
A515,B22078,"A515, B22078"
A548,B155,"A548, B155"
A553,B4313,"A553, B4313"
A554,B899,"A554, B899"
A598,B4277,"A598, B4277"
A703,B24040,"A703, B24040"
A714,B23312,"A714, B23312"
A757,B18973,"A757, B18973"
A786,B16168,"A786, B16168"
A794,B6417,"A794, B6417"
A812,B13800,"A812, B13800"
A858,B24413,"A858, B24413"
A866,B15622,"A866, B15622"
A869,B23077,"A869, B23077"
A881,B7958,"A881, B7958"
A961,B16288,"A961, B16288"
A978,B9459,"A978, B9459"
A994,B23788,"A994, B23788"
A1026,B14943,"A1026, B14943"
A1034,B23311,"A1034, B23311"
A1056,B24149,"A1056, B24149"
A1075,B69,"A1075, B69"
A1076,B7609,"A1076, B7609"
A1091,B12459,"A1091, B12459"
A1130,B11070,"A1130, B11070"
A1137,B984,"A1137, B984"
A1198,B13317,"A1198, B13317"
A1260,B18949,"A1260, B18949"
A1340,B1079,"A1340, B1079"
A1380,B22387,"A1380, B22387"
A1400,B17080,"A1400, B17080"
A1415,B15195,"A1415, B15195"
A1446,B17546,"A1446, B17546"
A1515,B9620,"A1515, B9620"
A1541,B14389,"A1541, B14389"
A1555,B7047,"A1555, B7047"
A1577,B21045,"A1577, B21045"
A1597,B17850,"A1597, B17850"
A1601,B10240,"A1601, B10240"
A1626,B922,"A1626, B922"
A1629,B11981,"A1629, B11981"
A1649,B3387,"A1649, B3387"
A1673,B5385,"A1673, B5385"
A1721,B6913,"A1721, B6913"
A1741,B10276,"A1741, B10276"
A1742,B21505,"A1742, B21505"
A1744,B3559,"A1744, B3559"
A1787,B14298,"A1787, B14298"
A1813,B13892,"A1813, B13892"
A1842,B21554,"A1842, B21554"
A1862,B1191,"A1862, B1191"
A1903,B21736,"A1903, B21736"
A1910,B22421,"A1910, B22421"
A1962,B4702,"A1962, B4702"
A1969,B2642,"A1969, B2642"
A1978,B12606,"A1978, B12606"
A1980,B9841,"A1980, B9841"
A2018,B7153,"A2018, B7153"
A2031,B4039,"A2031, B4039"
A2061,B21559,"A2061, B21559"
A2071,B11343,"A2071, B11343"
A2177,B6476,"A2177, B6476"
A2206,B1431,"A2206, B1431"
A2287,B13366,"A2287, B13366"
A2298,B8806,"A2298, B8806"
A2343,B24394,"A2343, B24394"
A2360,B12727,"A2360, B12727"
A2409,B10113,"A2409, B10113"
A2439,B12945,"A2439, B12945"
A2463,B20509,"A2463, B20509"
A2483,B16341,"A2483, B16341"
A2496,B14116,"A2496, B14116"
A2564,B10760,"A2564, B10760"
A2575,B5549,"A2575, B5549"
A2587,B15642,"A2587, B15642"
A2621,B7592,"A2621, B7592"
A2632,B3818,"A2632, B3818"
A2652,B18228,"A2652, B18228"
A2667,B2812,"A2667, B2812"
A2719,B17999,"A2719, B17999"
A2739,B15968,"A2739, B15968"
A2741,B20234,"A2741, B20234"
A2830,B23877,"A2830, B23877"
A2836,B13618,"A2836, B13618"
A2852,B22088,"A2852, B22088"
A2881,B5769,"A2881, B5769"
A2889,B21067,"A2889, B21067"
A2911,B16342,"A2911, B16342"
A2993,B5767,"A2993, B5767"
A2994,B5645,"A2994, B5645"
A2996,B13240,"A2996, B13240"
A3078,B115,"A3078, B115"
A3085,B15077,"A3085, B15077"
A3126,B18809,"A3126, B18809"
A3181,B18210,"A3181, B18210"
A3185,B13676,"A3185, B13676"
A3293,B22266,"A3293, B22266"
A3299,B3054,"A3299, B3054"
A3312,B8423,"A3312, B8423"
A3329,B5069,"A3329, B5069"
A3333,B7965,"A3333, B7965"
A3335,B2060,"A3335, B2060"
A3346,B24403,"A3346, B24403"
A3354,B5543,"A3354, B5543"
A3357,B23929,"A3357, B23929"
A3358,B20578,"A3358, B20578"
A3427,B512,"A3427, B512"
A3431,B13230,"A3431, B13230"
A3514,B13572,"A3514, B13572"
A3525,B12620,"A3525, B12620"
A3526,B20898,"A3526, B20898"
A3550,B20543,"A3550, B20543"
A3554,B10249,"A3554, B10249"
A3595,B4507,"A3595, B4507"
A3616,B8142,"A3616, B8142"
A3642,B24026,"A3642, B24026"
A3650,B19984,"A3650, B19984"
A3670,B22791,"A3670, B22791"
A3682,B1551,"A3682, B1551"
A3684,B7857,"A3684, B7857"
A3748,B12985,"A3748, B12985"
A3753,B15559,"A3753, B15559"
A3783,B21741,"A3783, B21741"
A3808,B3920,"A3808, B3920"
A3814,B24508,"A3814, B24508"
A3824,B21137,"A3824, B21137"
A3832,B11232,"A3832, B11232"
A3867,B23233,"A3867, B23233"
A3899,B21266,"A3899, B21266"
A3910,B16079,"A3910, B16079"
A3914,B15100,"A3914, B15100"
A3918,B21653,"A3918, B21653"
A3945,B21494,"A3945, B21494"
A3961,B6857,"A3961, B6857"
A4037,B12492,"A4037, B12492"
A4057,B2936,"A4057, B2936"
A4063,B16279,"A4063, B16279"
A4086,B2505,"A4086, B2505"
A4129,B17835,"A4129, B17835"
A4133,B19340,"A4133, B19340"
A4136,B17583,"A4136, B17583"
A4241,B7644,"A4241, B7644"
A4258,B16837,"A4258, B16837"
A4287,B10286,"A4287, B10286"
A4328,B12706,"A4328, B12706"
A4370,B24325,"A4370, B24325"
A4379,B306,"A4379, B306"
A4385,B8747,"A4385, B8747"
A4389,B13067,"A4389, B13067"
A4391,B10697,"A4391, B10697"
A4399,B17417,"A4399, B17417"
A4449,B17034,"A4449, B17034"
A4481,B12424,"A4481, B12424"
A4502,B1712,"A4502, B1712"
A4553,B10716,"A4553, B10716"
A4556,B18403,"A4556, B18403"
A4578,B20925,"A4578, B20925"
A4666,B19588,"A4666, B19588"
A4688,B1658,"A4688, B1658"
A4709,B7250,"A4709, B7250"
A4737,B1432,"A4737, B1432"
A4751,B1246,"A4751, B1246"
A4788,B20376,"A4788, B20376"
A4793,B5109,"A4793, B5109"
A4809,B23714,"A4809, B23714"
A4830,B3573,"A4830, B3573"
A4838,B1490,"A4838, B1490"
A4879,B10843,"A4879, B10843"
A4890,B15583,"A4890, B15583"
A4895,B10971,"A4895, B10971"
A4898,B19790,"A4898, B19790"
A4903,B6430,"A4903, B6430"
A4927,B21495,"A4927, B21495"
A4941,B22567,"A4941, B22567"
A4990,B1278,"A4990, B1278"
A4997,B4886,"A4997, B4886"
A5002,B2302,"A5002, B2302"
A5056,B18461,"A5056, B18461"
A5081,B15145,"A5081, B15145"
A5088,B2537,"A5088, B2537"
A5105,B5195,"A5105, B5195"
A5113,B8135,"A5113, B8135"
A5123,B6832,"A5123, B6832"
A5198,B3214,"A5198, B3214"
A5204,B4767,"A5204, B4767"
A5259,B10340,"A5259, B10340"
A5353,B20247,"A5353, B20247"
A5398,B22451,"A5398, B22451"
A5427,B15771,"A5427, B15771"
A5473,B12736,"A5473, B12736"
A5478,B19534,"A5478, B19534"
A5505,B3174,"A5505, B3174"
A5507,B8032,"A5507, B8032"
A5525,B15872,"A5525, B15872"
A5606,B20400,"A5606, B20400"
A5643,B22973,"A5643, B22973"
A5689,B13059,"A5689, B13059"
A5701,B7352,"A5701, B7352"
A5707,B14090,"A5707, B14090"
A5724,B22734,"A5724, B22734"
A5771,B13025,"A5771, B13025"
A5787,B8985,"A5787, B8985"
A5815,B1375,"A5815, B1375"
A5871,B9277,"A5871, B9277"
A5917,B21336,"A5917, B21336"
A5934,B11108,"A5934, B11108"
A6025,B23854,"A6025, B23854"
A6028,B8785,"A6028, B8785"
A6044,B20162,"A6044, B20162"
A6058,B17348,"A6058, B17348"
A6065,B8533,"A6065, B8533"
A6103,B18025,"A6103, B18025"
A6104,B187,"A6104, B187"
A6111,B16827,"A6111, B16827"
A6127,B18855,"A6127, B18855"
A6149,B9177,"A6149, B9177"
A6153,B20490,"A6153, B20490"
A6169,B15909,"A6169, B15909"
A6199,B19366,"A6199, B19366"
A6225,B13833,"A6225, B13833"
A6271,B20127,"A6271, B20127"
A6274,B18296,"A6274, B18296"
A6289,B13556,"A6289, B13556"
A6294,B4022,"A6294, B4022"
A6315,B23465,"A6315, B23465"
A6331,B3073,"A6331, B3073"
A6371,B16858,"A6371, B16858"
A6376,B3090,"A6376, B3090"
A6403,B21843,"A6403, B21843"
A6425,B22688,"A6425, B22688"
A6441,B16674,"A6441, B16674"
A6470,B11453,"A6470, B11453"
A6489,B2835,"A6489, B2835"
A6504,B7361,"A6504, B7361"
A6545,B3109,"A6545, B3109"
A6569,B10862,"A6569, B10862"
A6571,B22070,"A6571, B22070"
A6591,B16701,"A6591, B16701"
A6594,B24251,"A6594, B24251"
A6612,B7178,"A6612, B7178"
A6616,B14235,"A6616, B14235"
A6626,B16387,"A6626, B16387"
A6632,B332,"A6632, B332"
A6666,B22187,"A6666, B22187"
A6750,B19888,"A6750, B19888"
A6756,B8844,"A6756, B8844"
A6769,B19241,"A6769, B19241"
A6791,B6488,"A6791, B6488"
A6847,B11376,"A6847, B11376"
A6850,B12638,"A6850, B12638"
A6852,B21971,"A6852, B21971"
A6931,B14667,"A6931, B14667"
A6944,B23817,"A6944, B23817"
A6957,B15657,"A6957, B15657"
A6970,B24068,"A6970, B24068"
A6972,B2517,"A6972, B2517"
A7010,B19328,"A7010, B19328"
A7017,B11924,"A7017, B11924"
A7060,B6211,"A7060, B6211"
A7062,B1791,"A7062, B1791"
A7075,B4444,"A7075, B4444"
A7126,B20609,"A7126, B20609"
A7143,B8712,"A7143, B8712"
A7241,B4574,"A7241, B4574"
A7246,B20480,"A7246, B20480"
A7296,B13525,"A7296, B13525"
A7305,B7097,"A7305, B7097"
A7379,B5845,"A7379, B5845"
A7391,B4931,"A7391, B4931"
A7400,B16416,"A7400, B16416"
A7452,B8687,"A7452, B8687"
A7471,B11215,"A7471, B11215"
A7476,B5846,"A7476, B5846"
A7497,B9321,"A7497, B9321"
A7504,B13533,"A7504, B13533"
A7549,B11746,"A7549, B11746"
A7560,B6126,"A7560, B6126"
A7594,B17181,"A7594, B17181"
A7625,B20363,"A7625, B20363"
A7637,B15690,"A7637, B15690"
A7673,B24599,"A7673, B24599"
A7680,B17986,"A7680, B17986"
A7729,B7448,"A7729, B7448"
A7776,B23911,"A7776, B23911"
A7787,B20812,"A7787, B20812"
A7841,B10994,"A7841, B10994"
A7897,B13592,"A7897, B13592"
A7928,B18747,"A7928, B18747"
A7934,B23322,"A7934, B23322"
A7955,B19441,"A7955, B19441"
A7997,B337,"A7997, B337"
A8001,B4172,"A8001, B4172"
A8022,B23395,"A8022, B23395"
A8036,B7418,"A8036, B7418"
A8067,B13871,"A8067, B13871"
A8088,B2187,"A8088, B2187"
A8141,B23548,"A8141, B23548"
A8143,B16147,"A8143, B16147"
A8162,B21595,"A8162, B21595"
A8166,B8892,"A8166, B8892"
A8214,B11814,"A8214, B11814"
A8241,B21735,"A8241, B21735"
A8268,B12092,"A8268, B12092"
A8275,B9855,"A8275, B9855"
A8280,B7225,"A8280, B7225"
A8317,B13364,"A8317, B13364"
A8401,B2752,"A8401, B2752"
A8428,B6967,"A8428, B6967"
A8485,B21387,"A8485, B21387"
A8505,B625,"A8505, B625"
A8568,B20471,"A8568, B20471"
A8585,B6886,"A8585, B6886"
A8653,B18825,"A8653, B18825"
A8658,B17297,"A8658, B17297"
A8673,B3689,"A8673, B3689"
A8676,B23157,"A8676, B23157"
A8717,B9139,"A8717, B9139"
A8751,B8698,"A8751, B8698"
A8761,B2547,"A8761, B2547"
A8812,B22896,"A8812, B22896"
A8813,B22374,"A8813, B22374"
A8814,B15445,"A8814, B15445"
A8817,B8528,"A8817, B8528"
A8829,B16378,"A8829, B16378"
A8844,B3266,"A8844, B3266"
A8883,B12737,"A8883, B12737"
A8932,B22946,"A8932, B22946"
A8933,B7145,"A8933, B7145"
A8950,B8786,"A8950, B8786"
A8959,B12873,"A8959, B12873"
A9000,B18532,"A9000, B18532"
A9020,B14794,"A9020, B14794"
A9022,B22212,"A9022, B22212"
A9031,B20112,"A9031, B20112"
A9050,B13942,"A9050, B13942"
A9071,B22870,"A9071, B22870"
A9077,B3442,"A9077, B3442"
A9097,B13814,"A9097, B13814"
A9108,B22135,"A9108, B22135"
A9118,B2704,"A9118, B2704"
A9184,B9859,"A9184, B9859"
A9188,B377,"A9188, B377"
A9228,B7180,"A9228, B7180"
A9231,B12113,"A9231, B12113"
A9284,B11027,"A9284, B11027"
A9314,B4536,"A9314, B4536"
A9381,B14547,"A9381, B14547"
A9386,B15260,"A9386, B15260"
A9433,B11321,"A9433, B11321"
A9624,B16353,"A9624, B16353"
A9765,B5067,"A9765, B5067"
A9771,B23377,"A9771, B23377"
A9821,B21359,"A9821, B21359"
A9837,B13074,"A9837, B13074"
A9872,B4358,"A9872, B4358"
A9875,B18547,"A9875, B18547"
A9901,B2210,"A9901, B2210"
A9930,B1989,"A9930, B1989"
A9937,B372,"A9937, B372"
A9950,B21891,"A9950, B21891"
A9957,B9028,"A9957, B9028"
A9963,B5983,"A9963, B5983"
A9987,B23422,"A9987, B23422"
A10017,B1119,"A10017, B1119"
A10055,B10346,"A10055, B10346"
A10059,B21303,"A10059, B21303"
A10081,B21727,"A10081, B21727"
A10165,B17601,"A10165, B17601"
A10166,B8899,"A10166, B8899"
A10197,B6182,"A10197, B6182"
A10199,B3283,"A10199, B3283"
A10251,B2464,"A10251, B2464"
A10255,B10039,"A10255, B10039"
A10267,B240,"A10267, B240"
A10356,B15781,"A10356, B15781"
A10380,B24568,"A10380, B24568"
A10387,B6562,"A10387, B6562"
A10442,B9719,"A10442, B9719"
A10455,B11885,"A10455, B11885"
A10496,B587,"A10496, B587"
A10499,B23411,"A10499, B23411"
A10551,B24096,"A10551, B24096"
A10563,B3410,"A10563, B3410"
A10567,B12490,"A10567, B12490"
A10629,B12792,"A10629, B12792"
A10663,B4312,"A10663, B4312"
A10677,B5919,"A10677, B5919"
A10748,B12681,"A10748, B12681"
A10810,B19697,"A10810, B19697"
A10820,B20987,"A10820, B20987"
A10840,B7779,"A10840, B7779"
A10850,B1339,"A10850, B1339"
A10930,B9775,"A10930, B9775"
A11016,B6996,"A11016, B6996"
A11046,B3044,"A11046, B3044"
A11100,B7037,"A11100, B7037"
A11105,B4977,"A11105, B4977"
A11136,B22063,"A11136, B22063"
A11168,B14791,"A11168, B14791"
A11204,B20745,"A11204, B20745"
A11225,B23142,"A11225, B23142"
A11236,B23635,"A11236, B23635"
A11240,B9217,"A11240, B9217"
A11258,B3207,"A11258, B3207"
A11335,B18151,"A11335, B18151"
A11336,B13115,"A11336, B13115"
A11343,B24581,"A11343, B24581"
A11347,B1628,"A11347, B1628"
A11406,B10314,"A11406, B10314"
A11435,B16343,"A11435, B16343"
A11481,B19995,"A11481, B19995"
A11490,B10575,"A11490, B10575"
A11509,B11999,"A11509, B11999"
A11516,B23357,"A11516, B23357"
A11533,B23932,"A11533, B23932"
A11542,B22060,"A11542, B22060"
A11555,B7232,"A11555, B7232"
A11572,B6772,"A11572, B6772"
A11596,B19498,"A11596, B19498"
A11601,B18585,"A11601, B18585"
A11650,B13641,"A11650, B13641"
A11680,B13674,"A11680, B13674"
A11685,B5803,"A11685, B5803"
A11692,B5671,"A11692, B5671"
A11753,B19611,"A11753, B19611"
A11773,B8535,"A11773, B8535"
A11868,B18442,"A11868, B18442"
A11888,B2181,"A11888, B2181"
A11915,B23235,"A11915, B23235"
A11962,B21261,"A11962, B21261"
A11965,B9651,"A11965, B9651"
A11974,B11709,"A11974, B11709"
A12026,B15864,"A12026, B15864"
A12033,B23662,"A12033, B23662"
A12050,B6942,"A12050, B6942"
A12114,B11897,"A12114, B11897"
A12121,B4640,"A12121, B4640"
A12146,B21281,"A12146, B21281"
A12200,B4215,"A12200, B4215"
A12214,B18255,"A12214, B18255"
A12220,B12389,"A12220, B12389"
A12229,B5257,"A12229, B5257"
A12252,B7381,"A12252, B7381"
A12256,B10768,"A12256, B10768"
A12276,B3284,"A12276, B3284"
A12353,B23587,"A12353, B23587"
A12435,B9388,"A12435, B9388"
A12436,B13603,"A12436, B13603"
A12472,B21988,"A12472, B21988"
A12483,B15933,"A12483, B15933"
A12490,B13540,"A12490, B13540"
A12493,B17224,"A12493, B17224"
A12521,B16339,"A12521, B16339"
A12528,B8854,"A12528, B8854"
A12561,B11753,"A12561, B11753"
A12585,B13557,"A12585, B13557"
A12594,B5849,"A12594, B5849"
A12618,B24444,"A12618, B24444"
A12655,B15620,"A12655, B15620"
A12657,B23573,"A12657, B23573"
A12668,B192,"A12668, B192"
A12731,B12686,"A12731, B12686"
A12734,B10008,"A12734, B10008"
A12748,B8419,"A12748, B8419"
A12750,B280,"A12750, B280"
A12831,B23121,"A12831, B23121"
A12849,B11733,"A12849, B11733"
A12882,B5616,"A12882, B5616"
A12895,B320,"A12895, B320"
A12933,B16749,"A12933, B16749"
A12937,B12818,"A12937, B12818"
A12958,B19249,"A12958, B19249"
A13018,B16636,"A13018, B16636"
A13022,B23814,"A13022, B23814"
A13055,B20187,"A13055, B20187"
A13173,B1576,"A13173, B1576"
A13176,B12176,"A13176, B12176"
A13181,B12417,"A13181, B12417"
A13191,B1066,"A13191, B1066"
A13193,B16150,"A13193, B16150"
A13206,B4914,"A13206, B4914"
A13235,B4983,"A13235, B4983"
A13257,B22325,"A13257, B22325"
A13267,B18101,"A13267, B18101"
A13279,B2800,"A13279, B2800"
A13295,B21754,"A13295, B21754"
A13302,B4455,"A13302, B4455"
A13319,B22954,"A13319, B22954"
A13322,B20489,"A13322, B20489"
A13364,B20912,"A13364, B20912"
A13392,B20952,"A13392, B20952"
A13407,B14926,"A13407, B14926"
A13436,B1898,"A13436, B1898"
A13579,B4749,"A13579, B4749"
A13594,B18598,"A13594, B18598"
A13633,B2826,"A13633, B2826"
A13661,B8457,"A13661, B8457"
A13795,B718,"A13795, B718"
A13800,B12073,"A13800, B12073"
A13835,B1486,"A13835, B1486"
A13956,B9973,"A13956, B9973"
A13959,B10003,"A13959, B10003"
A13969,B20728,"A13969, B20728"
A13995,B8074,"A13995, B8074"
A14006,B16725,"A14006, B16725"
A14020,B11678,"A14020, B11678"
A14025,B14341,"A14025, B14341"
A14063,B22366,"A14063, B22366"
A14103,B14431,"A14103, B14431"
A14107,B21974,"A14107, B21974"
A14122,B6559,"A14122, B6559"
A14160,B1617,"A14160, B1617"
A14168,B5730,"A14168, B5730"
A14230,B13584,"A14230, B13584"
A14238,B232,"A14238, B232"
A14249,B10406,"A14249, B10406"
A14270,B10674,"A14270, B10674"
A14275,B16538,"A14275, B16538"
A14280,B8603,"A14280, B8603"
A14331,B5893,"A14331, B5893"
A14349,B12749,"A14349, B12749"
A14362,B22019,"A14362, B22019"
A14373,B16157,"A14373, B16157"
A14379,B22230,"A14379, B22230"
A14412,B11883,"A14412, B11883"
A14428,B23865,"A14428, B23865"
A14449,B7540,"A14449, B7540"
A14474,B20482,"A14474, B20482"
A14501,B23232,"A14501, B23232"
A14503,B21172,"A14503, B21172"
A14508,B14417,"A14508, B14417"
A14529,B20517,"A14529, B20517"
A14550,B23460,"A14550, B23460"
A14573,B8302,"A14573, B8302"
A14609,B1377,"A14609, B1377"
A14675,B22632,"A14675, B22632"
A14700,B2341,"A14700, B2341"
A14719,B19064,"A14719, B19064"
A14725,B7998,"A14725, B7998"
A14729,B10652,"A14729, B10652"
A14764,B8217,"A14764, B8217"
A14809,B5574,"A14809, B5574"
A14829,B22502,"A14829, B22502"
A14871,B16239,"A14871, B16239"
A14899,B10345,"A14899, B10345"
A14909,B18812,"A14909, B18812"
A14914,B11766,"A14914, B11766"
A14915,B4202,"A14915, B4202"
A14946,B20698,"A14946, B20698"
A14958,B21316,"A14958, B21316"
A14988,B4903,"A14988, B4903"
A15012,B8378,"A15012, B8378"
A15015,B12623,"A15015, B12623"
A15039,B14737,"A15039, B14737"
A15063,B15689,"A15063, B15689"
A15072,B22145,"A15072, B22145"
A15074,B18865,"A15074, B18865"
A15076,B16642,"A15076, B16642"
A15105,B22535,"A15105, B22535"
A15111,B4482,"A15111, B4482"
A15156,B4025,"A15156, B4025"
A15159,B24117,"A15159, B24117"
A15169,B13235,"A15169, B13235"
A15180,B6057,"A15180, B6057"
A15184,B10660,"A15184, B10660"
A15189,B6278,"A15189, B6278"
A15222,B6518,"A15222, B6518"
A15284,B23331,"A15284, B23331"
A15309,B11455,"A15309, B11455"
A15365,B14660,"A15365, B14660"
A15495,B18117,"A15495, B18117"
A15536,B4609,"A15536, B4609"
A15554,B8613,"A15554, B8613"
A15570,B14536,"A15570, B14536"
A15620,B5641,"A15620, B5641"
A15636,B19223,"A15636, B19223"
A15641,B7014,"A15641, B7014"
A15646,B23310,"A15646, B23310"
A15651,B16583,"A15651, B16583"
A15678,B13492,"A15678, B13492"
A15698,B20893,"A15698, B20893"
A15766,B9357,"A15766, B9357"
A15830,B7683,"A15830, B7683"
A15851,B23319,"A15851, B23319"
A15859,B15879,"A15859, B15879"
A15907,B10747,"A15907, B10747"
A15941,B4059,"A15941, B4059"
A15966,B2062,"A15966, B2062"
A15983,B23213,"A15983, B23213"
A16000,B7907,"A16000, B7907"
A16028,B17119,"A16028, B17119"
A16091,B7374,"A16091, B7374"
A16183,B10497,"A16183, B10497"
A16287,B12296,"A16287, B12296"
A16304,B22545,"A16304, B22545"
A16336,B7111,"A16336, B7111"
A16352,B22975,"A16352, B22975"
A16358,B321,"A16358, B321"
A16373,B24602,"A16373, B24602"
A16413,B18275,"A16413, B18275"
A16423,B6569,"A16423, B6569"
A16466,B13552,"A16466, B13552"
A16475,B24415,"A16475, B24415"
A16486,B5952,"A16486, B5952"
A16487,B6466,"A16487, B6466"
A16502,B11793,"A16502, B11793"
A16545,B22280,"A16545, B22280"
A16587,B19652,"A16587, B19652"
A16748,B14306,"A16748, B14306"
A16803,B18327,"A16803, B18327"
A16809,B16590,"A16809, B16590"
A16904,B229,"A16904, B229"
A16930,B11280,"A16930, B11280"
A16962,B1548,"A16962, B1548"
A16964,B2179,"A16964, B2179"
A16990,B822,"A16990, B822"
A17008,B16306,"A17008, B16306"
A17028,B20899,"A17028, B20899"
A17031,B22224,"A17031, B22224"
A17034,B22444,"A17034, B22444"
A17039,B11326,"A17039, B11326"
A17056,B3854,"A17056, B3854"
A17084,B21247,"A17084, B21247"
A17094,B24237,"A17094, B24237"
A17163,B15981,"A17163, B15981"
A17174,B4094,"A17174, B4094"
A17191,B1331,"A17191, B1331"
A17194,B9665,"A17194, B9665"
A17212,B24334,"A17212, B24334"
A17216,B19058,"A17216, B19058"
A17259,B3358,"A17259, B3358"
A17286,B19518,"A17286, B19518"
A17315,B16759,"A17315, B16759"
A17330,B5604,"A17330, B5604"
A17338,B483,"A17338, B483"
A17355,B15943,"A17355, B15943"
A17454,B20657,"A17454, B20657"
A17455,B4612,"A17455, B4612"
A17482,B17897,"A17482, B17897"
A17505,B24588,"A17505, B24588"
A17512,B22713,"A17512, B22713"
A17581,B12611,"A17581, B12611"
A17593,B178,"A17593, B178"
A17626,B15597,"A17626, B15597"
A17629,B10751,"A17629, B10751"
A17630,B13521,"A17630, B13521"
A17741,B2977,"A17741, B2977"
A17750,B19718,"A17750, B19718"
A17791,B22294,"A17791, B22294"
A17794,B7375,"A17794, B7375"
A17825,B13878,"A17825, B13878"
A17834,B19489,"A17834, B19489"
A17845,B380,"A17845, B380"
A17869,B16808,"A17869, B16808"
A17887,B5286,"A17887, B5286"
A17921,B12964,"A17921, B12964"
A17952,B3973,"A17952, B3973"
A18003,B12903,"A18003, B12903"
A18005,B17365,"A18005, B17365"
A18084,B23979,"A18084, B23979"
A18137,B14589,"A18137, B14589"
A18138,B13072,"A18138, B13072"
A18141,B17452,"A18141, B17452"
A18164,B22167,"A18164, B22167"
A18200,B5316,"A18200, B5316"
A18207,B18438,"A18207, B18438"
A18216,B5567,"A18216, B5567"
A18235,B20391,"A18235, B20391"
A18268,B21567,"A18268, B21567"
A18291,B13945,"A18291, B13945"
A18336,B416,"A18336, B416"
A18399,B21411,"A18399, B21411"
A18576,B22279,"A18576, B22279"
A18616,B16566,"A18616, B16566"
A18637,B2617,"A18637, B2617"
A18670,B21656,"A18670, B21656"
A18707,B3431,"A18707, B3431"
A18727,B7541,"A18727, B7541"
A18732,B19477,"A18732, B19477"
A18748,B17673,"A18748, B17673"
A18770,B12052,"A18770, B12052"
A18783,B10561,"A18783, B10561"
A18795,B5416,"A18795, B5416"
A18830,B11388,"A18830, B11388"
A18839,B9115,"A18839, B9115"
A18852,B23160,"A18852, B23160"
A18859,B5289,"A18859, B5289"
A18892,B11197,"A18892, B11197"
A18921,B8572,"A18921, B8572"
A18945,B10038,"A18945, B10038"
A18946,B10786,"A18946, B10786"
A18994,B8655,"A18994, B8655"
A19028,B15397,"A19028, B15397"
A19061,B1166,"A19061, B1166"
A19074,B14544,"A19074, B14544"
A19082,B24595,"A19082, B24595"
A19103,B6008,"A19103, B6008"
A19112,B8426,"A19112, B8426"
A19133,B13247,"A19133, B13247"
A19191,B22658,"A19191, B22658"
A19235,B24503,"A19235, B24503"
A19240,B11122,"A19240, B11122"
A19242,B11448,"A19242, B11448"
A19253,B23249,"A19253, B23249"
A19279,B23775,"A19279, B23775"
A19292,B12746,"A19292, B12746"
A19308,B21857,"A19308, B21857"
A19348,B8126,"A19348, B8126"
A19350,B6918,"A19350, B6918"
A19375,B7927,"A19375, B7927"
A19387,B2776,"A19387, B2776"
A19388,B8543,"A19388, B8543"
A19398,B19073,"A19398, B19073"
A19447,B18559,"A19447, B18559"
A19450,B4126,"A19450, B4126"
A19481,B7301,"A19481, B7301"
A19487,B422,"A19487, B422"
A19489,B5492,"A19489, B5492"
A19511,B16093,"A19511, B16093"
A19537,B12512,"A19537, B12512"
A19550,B2928,"A19550, B2928"
A19572,B10700,"A19572, B10700"
A19587,B5188,"A19587, B5188"
A19717,B7872,"A19717, B7872"
A19725,B24206,"A19725, B24206"
A19737,B23783,"A19737, B23783"
A19743,B745,"A19743, B745"
A19766,B21157,"A19766, B21157"
A19824,B17160,"A19824, B17160"
A19928,B1196,"A19928, B1196"
A19960,B10793,"A19960, B10793"
A19970,B6687,"A19970, B6687"
A19993,B14960,"A19993, B14960"
A20015,B12215,"A20015, B12215"
A20019,B24427,"A20019, B24427"
A20036,B4994,"A20036, B4994"
A20078,B5827,"A20078, B5827"
A20085,B22110,"A20085, B22110"
A20100,B22434,"A20100, B22434"
A20110,B22284,"A20110, B22284"
A20160,B20220,"A20160, B20220"
A20212,B18761,"A20212, B18761"
A20235,B10605,"A20235, B10605"
A20251,B6560,"A20251, B6560"
A20258,B949,"A20258, B949"
A20260,B311,"A20260, B311"
A20319,B2652,"A20319, B2652"
A20337,B15627,"A20337, B15627"
A20346,B6061,"A20346, B6061"
A20361,B6198,"A20361, B6198"
A20365,B65,"A20365, B65"
A20368,B21163,"A20368, B21163"
A20370,B18460,"A20370, B18460"
A20371,B18287,"A20371, B18287"
A20372,B6421,"A20372, B6421"
A20375,B7297,"A20375, B7297"
A20403,B23152,"A20403, B23152"
A20412,B24537,"A20412, B24537"
A20426,B14861,"A20426, B14861"
A20453,B19513,"A20453, B19513"
A20509,B3571,"A20509, B3571"
A20522,B11457,"A20522, B11457"
A20543,B23004,"A20543, B23004"
A20554,B10523,"A20554, B10523"
A20562,B10001,"A20562, B10001"
A20567,B19065,"A20567, B19065"
A20600,B4757,"A20600, B4757"
A20606,B4858,"A20606, B4858"
A20621,B12218,"A20621, B12218"
A20638,B3201,"A20638, B3201"
A20676,B18048,"A20676, B18048"
A20741,B18128,"A20741, B18128"
A20795,B22626,"A20795, B22626"
A20818,B17911,"A20818, B17911"
A20832,B6005,"A20832, B6005"
A20835,B14587,"A20835, B14587"
A20840,B10185,"A20840, B10185"
A20846,B8716,"A20846, B8716"
A20870,B146,"A20870, B146"
A20890,B12168,"A20890, B12168"
A20941,B18491,"A20941, B18491"
A20990,B9955,"A20990, B9955"
A21040,B7529,"A21040, B7529"
A21059,B21159,"A21059, B21159"
A21075,B20895,"A21075, B20895"
A21090,B1087,"A21090, B1087"
A21094,B8292,"A21094, B8292"
A21120,B13047,"A21120, B13047"
A21129,B11157,"A21129, B11157"
A21131,B1323,"A21131, B1323"
A21159,B983,"A21159, B983"
A21163,B1863,"A21163, B1863"
A21200,B4715,"A21200, B4715"
A21203,B6688,"A21203, B6688"
A21208,B23860,"A21208, B23860"
A21222,B21434,"A21222, B21434"
A21256,B17661,"A21256, B17661"
A21259,B12350,"A21259, B12350"
A21273,B13398,"A21273, B13398"
A21349,B1788,"A21349, B1788"
A21396,B10141,"A21396, B10141"
A21450,B7041,"A21450, B7041"
A21452,B24296,"A21452, B24296"
A21534,B12479,"A21534, B12479"
A21536,B11879,"A21536, B11879"
A21543,B14433,"A21543, B14433"
A21566,B1445,"A21566, B1445"
A21579,B1763,"A21579, B1763"
A21622,B9485,"A21622, B9485"
A21651,B18099,"A21651, B18099"
A21656,B5235,"A21656, B5235"
A21675,B23326,"A21675, B23326"
A21679,B8268,"A21679, B8268"
A21688,B9273,"A21688, B9273"
A21690,B20931,"A21690, B20931"
A21708,B7613,"A21708, B7613"
A21778,B20606,"A21778, B20606"
A21812,B12406,"A21812, B12406"
A21818,B5777,"A21818, B5777"
A21823,B21544,"A21823, B21544"
A21841,B20168,"A21841, B20168"
A21855,B15005,"A21855, B15005"
A21950,B6041,"A21950, B6041"
A21960,B4454,"A21960, B4454"
A21962,B3989,"A21962, B3989"
A21972,B17152,"A21972, B17152"
A21996,B3074,"A21996, B3074"
A22049,B9463,"A22049, B9463"
A22071,B6525,"A22071, B6525"
A22074,B2566,"A22074, B2566"
A22109,B4556,"A22109, B4556"
A22119,B20555,"A22119, B20555"
A22157,B11150,"A22157, B11150"
A22208,B22068,"A22208, B22068"
A22212,B9798,"A22212, B9798"
A22263,B12970,"A22263, B12970"
A22269,B18802,"A22269, B18802"
A22313,B20934,"A22313, B20934"
A22331,B7761,"A22331, B7761"
A22348,B17991,"A22348, B17991"
A22365,B21033,"A22365, B21033"
A22375,B709,"A22375, B709"
A22402,B19124,"A22402, B19124"
A22424,B2167,"A22424, B2167"
A22448,B23552,"A22448, B23552"
A22543,B17701,"A22543, B17701"
A22588,B13302,"A22588, B13302"
A22617,B19155,"A22617, B19155"
A22641,B9356,"A22641, B9356"
A22698,B10295,"A22698, B10295"
A22711,B20620,"A22711, B20620"
A22765,B8852,"A22765, B8852"
A22868,B5718,"A22868, B5718"
A22913,B9234,"A22913, B9234"
A22917,B14577,"A22917, B14577"
A22931,B20212,"A22931, B20212"
A22943,B23155,"A22943, B23155"
A22951,B3569,"A22951, B3569"
A22953,B11434,"A22953, B11434"
A23008,B15680,"A23008, B15680"
A23038,B518,"A23038, B518"
A23054,B24315,"A23054, B24315"
A23079,B23670,"A23079, B23670"
A23096,B17589,"A23096, B17589"
A23107,B12065,"A23107, B12065"
A23118,B4943,"A23118, B4943"
A23133,B12060,"A23133, B12060"
A23134,B12523,"A23134, B12523"
A23160,B13145,"A23160, B13145"
A23203,B1803,"A23203, B1803"
A23259,B13272,"A23259, B13272"
A23267,B19144,"A23267, B19144"
A23273,B7977,"A23273, B7977"
A23297,B614,"A23297, B614"
A23353,B11529,"A23353, B11529"
A23384,B20598,"A23384, B20598"
A23387,B17539,"A23387, B17539"
A23389,B8545,"A23389, B8545"
A23474,B17032,"A23474, B17032"
A23534,B6018,"A23534, B6018"
A23617,B2853,"A23617, B2853"
A23626,B14270,"A23626, B14270"
A23641,B1907,"A23641, B1907"
A23659,B81,"A23659, B81"
A23669,B12891,"A23669, B12891"
A23756,B8803,"A23756, B8803"
A23776,B18049,"A23776, B18049"
A23839,B735,"A23839, B735"
A23860,B9888,"A23860, B9888"
A23885,B8540,"A23885, B8540"
A23896,B22200,"A23896, B22200"
A23899,B14789,"A23899, B14789"
A23905,B21767,"A23905, B21767"
A23912,B20208,"A23912, B20208"
A23926,B23984,"A23926, B23984"
A23953,B2735,"A23953, B2735"
A24025,B9349,"A24025, B9349"
A24044,B2053,"A24044, B2053"
A24057,B10252,"A24057, B10252"
A24060,B18609,"A24060, B18609"
A24065,B17346,"A24065, B17346"
A24103,B19276,"A24103, B19276"
A24147,B6052,"A24147, B6052"
A24157,B14292,"A24157, B14292"
A24163,B2577,"A24163, B2577"
A24166,B14850,"A24166, B14850"
A24171,B7243,"A24171, B7243"
A24208,B784,"A24208, B784"
A24222,B22344,"A24222, B22344"
A24284,B19206,"A24284, B19206"
A24320,B23956,"A24320, B23956"
A24415,B159,"A24415, B159"
A24476,B2717,"A24476, B2717"
A24485,B4275,"A24485, B4275"
A24565,B17944,"A24565, B17944"
A24623,B3805,"A24623, B3805"
A24647,B2386,"A24647, B2386"
A24685,B1467,"A24685, B1467"
A24737,B17409,"A24737, B17409"
A24742,B13268,"A24742, B13268"
A24774,B6704,"A24774, B6704"
A24783,B16455,"A24783, B16455"
A24845,B1288,"A24845, B1288"
A24859,B19648,"A24859, B19648"
A24875,B22175,"A24875, B22175"
A24880,B1059,"A24880, B1059"
A24915,B11401,"A24915, B11401"
A24918,B10785,"A24918, B10785"
A24938,B23001,"A24938, B23001"
A24951,B11013,"A24951, B11013"
A25028,B10892,"A25028, B10892"
A25068,B17798,"A25068, B17798"
A25085,B12209,"A25085, B12209"
A25094,B3493,"A25094, B3493"
A25118,B1817,"A25118, B1817"
A25122,B14893,"A25122, B14893"
A25137,B22889,"A25137, B22889"
A25151,B7841,"A25151, B7841"
A25168,B22245,"A25168, B22245"
A25183,B2161,"A25183, B2161"
A25217,B10524,"A25217, B10524"
A25237,B11084,"A25237, B11084"
A25243,B6359,"A25243, B6359"
A25252,B13639,"A25252, B13639"
A25277,B16237,"A25277, B16237"
A25283,B10250,"A25283, B10250"
A25308,B15945,"A25308, B15945"
A25318,B6675,"A25318, B6675"
A25322,B14776,"A25322, B14776"
